"Title","Author","SKU","Format"
"Cat In The Hats Learning Library","Dr Seuss",9780007947164,"Box Set"
"Lego - Ideas Book",,9781405350679,"Hardcover"
"Richard III","William Shakespeare",9781846161858,"Paperback
"
"A Shakespeare Story: Julius Caesar  translation missing: en.customer.order.fulfilled 19 Nov 12:20 FedEx #6200527645","William Shakespeare",9781408305065,"Paperback
"
"King Lear","William Shakespeare",9781408305034,"Paperback
"
"A Shakespeare Story: The Merchant of Venice","William Shakespeare",9781408305041,"Paperback
"
"A Shakespeare Story: Macbeth","William Shakespeare",9781841213446,"Paperback
"
"Henry IV","William Shakespeare",9781841213422,"Paperback
"
"A Shakespeare Story: Romeo And Juliet","William Shakespeare",9781841213361,"Paperback
"
"Tempest","William Shakespeare",9781841213460,"Paperback
"
"A Shakespeare Story: Twelfth Night","William Shakespeare",9781841213347,"Paperback
"
"A Shakespeare Story - A Midsummer Night's Dream","William Shakespeare",9781841213323,"Paperback
"
"Shatter Me 05: Defy Me",,9781405291798,
"Shatter Me 02: Unravel Me",,9781405291767,
"Changeling: Demon Games ",,9780330517881,
"City of Time ",,9780007209798,
"The Best Ever Brain Teasers",,9781784407773,
"Black Ice",,9780330512008,
"Young Sherlock Holmes 4: Fire Storm",,9780230758506,
"Young Sherlock Holmes: Death Cloud",,9780330511988,
"The Eyeball Collector",,9780230532281,
"The Bone Magician",,9780330444828,
"The Lunatic's Curse",,9780230532328,
"Cosmic",,9780330440868,
"Bundu",,9781415201091,
"The Roar",,9781905294633,
"SIDEKICK",,9780624049180,
"Midnight gate",,9780330509008,
"Embroidery For Beginners",,9781904760542,
"C.H.I.X: #1 Summer Gang",,9781904442868,
"Pet School",,9781842993347,
"Tithe Bk 1",,9780857073617,
"Ironside Bk 3",,9780857073600,
"Valiant Bk 2",,9780857073594,
"The Lemonade War",,9780545218634,
"The Shrieking Stones",,9780141323725,
"English Dictionary",,9781842054970,
"The Midnight Zoo",,9781406331493,
"Here Lies Arthur",,9781407103587,
"The Field Guide",,9781847381958,
"Lucindas secret",,9781847381972,
"The Spiderwick Chronicles #5: The Wrath Of Mulgarath",,9781847381996,
"The Ironwood Tree",,9781847381989,
"Changeling: Dark Moon",,9780330470483,
"Changeling",,9780330470476,
"The Stunning Science Of Everything",,9780439959056,
"Our World",,9781407571898,
"Ons Kan",,9780799362800,
"Diep Diep In Die Donker Bos",,9780799342826,
"Polar Lands",,9780753411094,
"Gandhi",,9781842056691,
"The Adventures of Tintin",,9780857510754,
"Wilma Tenderfoot And The Case Of The Fatal Phantom",,9780330469531,
"Trapped!",,9781841357362,
"Shipwrecked!",,9781841357348,
"The Secret Of Spiggy Holes",,9781841356754,
"Secret Forest",,9781841356778,
"The Secret Mountain",,9781841356761,
"The Secret Valley",,9781841356785,
"Secret Of Moon Castle",,9781841356747,
"History'S Worst Decisions",,9781770224339,
"Historys Lost Treasures",,9781770226616,
"Winnie The Witch 10 Book Pack",,9780192745958,
"Box Of Animal Stories",,9781848698109,"Box Set"
"Behaviour Matters 6 Book Collection",,9781445164298,"Box Set"
"Dragonsitter 8 Book Pack",,9781783445608,"Box Set"
"Peppas Favourite Stories 10 Book Box-Set",,9780723292562,"Box Set"
"Rewiring Education","John D. Couch",,"Kindle"
"Computational Thinking and Coding for Every Student","Jane Krauss",,"Kindle"
"Computational Fairy Tales","Jeremy Kubica",,"Kindle"
"A Calendar of Wisdom","Leo Tolstoy",,"Kindle"
"No Fear Coding: Computational Thinking Across the K-5 Curriculum","Heidi Williams",,"Kindle"
"Children of the Universe: Cosmic Education in the Montessori Elementary years","Michael Duffy",,"Kindle"
"The Big Book of Makerspace","Colleen Graves",,"Kindle"
"The President's Keepers: Those keeping Zuma in power and out of prison","Jacques Pauw",,"Kindle"
"Agile Marketing: Building Endurance for Your Content Marketing Team","Jeff Julian",,"Kindle"
"ASAP: Ages, Stages, and Phases","Patricia D Fosarelli",,"Kindle"
"Transformative Experience","L. A. Paul",,"Kindle"
"You Are Now Less Dumb","David McRaney",,"Kindle"
"The Absorbent Mind","Maria Montessori",,"Kindle"
"Spontaneous Activity in Education","Maria Montessori",,"Kindle"
"The Montessori Method","Maria Montessori",,"Kindle"
"Dr. Montessori's Own Handbook","Maria Montessori",,"Kindle"
"The Pragmatic Programmer: From Journeyman to Master","Andrew Hunt",,"Kindle"
"Design Patterns: Elements of Reusable Object-Oriented Software","Erich Gamma",,"Kindle"
"Montessori: The Science Behind the Genius","Angeline Stoll Lillard",,"Kindle"
"Mind in the Making","Ellen Galinsky",,"Kindle"
"Mindfulness: A practical guide to finding peace in a frantic world","Prof. Mark Williams",,"Kindle"
"Modern Buddhism: The Path of Compassion and Wisdom","Geshe Kelsang Gyatso",,"Kindle"
"The Robert C. Martin Clean Code Collection","Robert C. Martin",,"Kindle"
"Engineering Long-Lasting Software","David Patterson",,"Kindle"
"1,000 Ideas for Decorating Cupcakes, Cookies & Cakes","Sandra Salamony",,"Kindle"
"Celebrate with a Cake!","Lindy Smith",,"Kindle"
"The Fortune at the Bottom of the Pyramid","C.K. Prahalad",,"Kindle"
"Beezer","Brandon T. Snider",,"Audible"
"Caffeine","Michael Pollan",,"Audible"
"The Worry Trick","David Carbonell",,"Audible"
"The Phoenix Project","Gene Kim",,"Audible"
"Sober Curious","Ruby Warrington",,"Audible"
"Chemistry and Our Universe","Ron B. Davis",,"Audible"
"Invisible Women","Caroline Criado Perez",,"Audible"
"Will My Cat Eat My Eyeballs?","Caitlin Doughty",,"Audible"
"The Age of Living Machines","Susan Hockfield",,"Audible"
"Ten Drugs","Thomas Hager",,"Audible"
"Computational Thinking","Peter J. Denning",,"Audible"
"Bullshit Jobs","David Graeber",,"Audible"
"Once Upon an Algorithm","Martin Erwig",,"Audible"
"Cosmos","Carl Sagan",,"Audible"
"A Grown-Up Guide to Dinosaurs","Ben Garrod",,"Audible"
"Stan Lee's Alliances: A Trick of Light","Stan Lee",,"Audible"
"Gene Machine","Venki Ramakrishnan",,"Audible"
"Human Errors","Nathan H. Lents",,"Audible"
"The Omnivore's Dilemma","Michael Pollan",,"Audible"
"How to Be a Good Creature","Sy Montgomery",,"Audible"
"Plant Science: An Introduction to Botany","Catherine Kleier",,"Audible"
"The Stranger in the Woods","Michael Finkel",,"Audible"
"Ready Player One","Ernest Cline",,"Audible"
"A Grimm Warning","hris Colfer",,"Audible"
"Girls Who Code","Reshma Saujani",,"Audible"
"Montessori from the Start","Paula Polk Lillard",,"Audible"
"Born a Crime","Trevor Noah",,"Audible"
"Never Ending Story",,,"DVD"
"Harry Potter and the Philosopher's Stone","J. K. Rowling",,"Paperback"
"Harry Potter and the Order of the Phoenix","J. K. Rowling",,"Paperback"
"Harry Potter and the Chamber of Secrets","J. K. Rowling",,"Paperback"
"Harry Potter and the Goblet of Fire","J. K. Rowling",,"Paperback"
"Harry Potter and the Deathly Hallows","J. K. Rowling",,"Paperback"
"Harry Potter and the Prisoner of Azkaban","J. K. Rowling",,"Paperback"
"Harry Potter and the Half-Blood Prince","J. K. Rowling",,"Paperback"
"Harry Potter and the Philosopher's Stone",,,"DVD"
"Harry Potter and the Order of the Phoenix",,,"DVD"
"Harry Potter and the Chamber of Secrets",,,"DVD"
"Harry Potter and the Goblet of Fire",,,"DVD"
"Harry Potter and the Deathly Hallows",,,"DVD"
"Harry Potter and the Prisoner of Azkaban",,,"DVD"
"Harry Potter and the Half-Blood Prince",,,"DVD"
"Captain America: The First Avenger",,,"DVD"
"The Avengers",,,"DVD"
"Return of the Jedi",,,"DVD"
"The Empire Strikes Back",,,"DVD"
"A New Hope",,,"DVD"
"The Phantom Menace",,,"DVD"
"Attack of the Clones",,,"DVD"
"Revenge of the Sith",,,"DVD"